{
  "Uncurated (B1)": {
    "alpha": 1.0,
    "eta": 0.0,
    "P_at_t30": 0.9378139097174117,
    "P_at_t90": 0.9683959087071359,
    "P_at_t180": 0.9785998523290164,
    "P_at_t365": 0.9854754092890663,
    "P_std_at_t365": 0.003587582573286509,
    "N_at_t365": 3650.33,
    "Nhall_at_t365": 364.245
  },
  "Curator (\u03b1=0.5, \u03b7=0.7)": {
    "alpha": 0.5,
    "eta": 0.7,
    "P_at_t30": 0.5134622279812864,
    "P_at_t90": 0.606906976333127,
    "P_at_t180": 0.6538146929766394,
    "P_at_t365": 0.6961288672528185,
    "P_std_at_t365": 0.04733943965918095,
    "N_at_t365": 1698.085,
    "Nhall_at_t365": 54.415
  },
  "Curator (\u03b1=0.3, \u03b7=0.9)": {
    "alpha": 0.3,
    "eta": 0.9,
    "P_at_t30": 0.176722766407181,
    "P_at_t90": 0.24083352895591814,
    "P_at_t180": 0.27317251703958895,
    "P_at_t365": 0.30656539820467343,
    "P_std_at_t365": 0.07615491210936738,
    "N_at_t365": 997.615,
    "Nhall_at_t365": 10.855
  },
  "Curator (\u03b1=0.5, \u03b7=0.95)": {
    "alpha": 0.5,
    "eta": 0.95,
    "P_at_t30": 0.1059748125139377,
    "P_at_t90": 0.1400269272584257,
    "P_at_t180": 0.15817033490713306,
    "P_at_t365": 0.1772982971723697,
    "P_std_at_t365": 0.05217968649811478,
    "N_at_t365": 1652.53,
    "Nhall_at_t365": 8.86
  }
}